<?xml version="1.0" encoding="UTF-8" standalone="yes"?>
<Content>
        
    <Views>
                
        <ViewDef id="581c3a08-706c-4293-b6c2-7fd64768bc93">
                        
            <Title>ESXi Host Power State - Donut Chart</Title>
                        
            <Description>vSphere Host Connection State</Description>
                        
            <SubjectType adapterKind="VMWARE" resourceKind="HostSystem" type="descendant"/>
                        
            <Usage>dashboard</Usage>
                        
            <Usage>report</Usage>
                        
            <Usage>details</Usage>
                        
            <Usage>content</Usage>
                        
            <Controls>
                                
                <Control id="time-interval-selector_id_3469" type="time-interval-selector" visible="false">
                                        
                    <Property name="advancedTimeMode" value="false"/>
                                        
                    <Property name="unit" value="DAYS"/>
                                        
                    <Property name="count" value="7"/>
                                    
                </Control>
                                
                <Control id="attributes-selector_id_3470" type="attributes-selector" visible="false">
                                        
                    <Property name="attributeInfos">
                                                
                        <List>
                                                        
                            <Item>
                                
                                <Value>
                                        
                                    <Property name="objectType" value="RESOURCE"/>
                                        
                                    <Property name="attributeKey" value="runtime|powerState"/>
                                        
                                    <Property name="isStringAttribute" value="true"/>
                                        
                                    <Property name="adapterKind" value="VMWARE"/>
                                        
                                    <Property name="resourceKind" value="HostSystem"/>
                                        
                                    <Property name="rollUpCount" value="0"/>
                                        
                                    <Property name="isProperty" value="false"/>
                                        
                                    <Property name="displayName" value="Power State"/>
                                    
                                </Value>
                                                            
                            </Item>
                                                    
                        </List>
                                            
                    </Property>
                                    
                </Control>
                                
                <Control id="buckets-control_id_3471" type="buckets-control" visible="false">
                                        
                    <Property name="dynamicCalcFunction" value="DISCRETE"/>
                                        
                    <Property name="isDynamic" value="true"/>
                                        
                    <Property name="isSum" value="false"/>
                                    
                </Control>
                                
                <Control id="metadata_id_3472" type="metadata" visible="false">
                                        
                    <Property name="maxPointsCount" value="5000"/>
                                        
                    <Property name="hideObjectNameColumn" value="false"/>
                                        
                    <Property name="listTopResultSize" value="-1"/>
                                    
                </Control>
                            
            </Controls>
                        
            <DataProviders>
                                
                <DataProvider dataType="distribution-view" id="distribution-view_id_3468"/>
                            
            </DataProviders>
                        
            <Presentation type="donut-chart"/>
                    
        </ViewDef>
            
    </Views>
    
</Content>
