{
   "dashboards": [{
      "autoswitchEnabled": false,
      "columnCount": 1,
      "columnProportion": "1-1",
      "creationTime": 1663758679906,
      "dashboardNavigations": {
         "03636784-68d5-456d-8689-7adbe9117d24": [{
            "id": "81ce6e35-4da1-46b5-bdde-c47d21fec948",
            "widgets": [{
               "id": "ac5b3dd3-ab37-461e-9a1a-d1a849f4b031",
               "interactionType": "resourceId"
            }]
         }],
         "93b45417-6ee5-409c-9755-8f60367370c5": [{
            "id": "795d9c0c-4926-4787-858f-7b9e9a8039ff",
            "widgets": [{
               "id": "640d17c7-bd64-4feb-a044-62f23e6953dc",
               "interactionType": "resourceId"
            }]
         }],
         "bc39d469-83fa-4cb9-ba8f-c6df9b9285cb": [{
            "id": "83e54501-6ffb-475f-8cff-78c3253ada7d",
            "widgets": []
         }]
      },
      "description": "",
      "disabled": false,
      "gridsterMaxColumns": 12,
      "hidden": false,
      "homeTab": false,
      "id": "ebf5c16c-f192-4bb1-939f-2ebd2411c438",
      "importAttempts": 0,
      "importComplete": true,
      "lastUpdateTime": 1666777848380,
      "lastUpdateUserId": "287ed085-c6ca-4255-b69c-956f1665ed51",
      "locked": false,
      "name": "Custom Dashboards/Environment Overview v5",
      "namePath": "Custom Dashboards",
      "rank": 0,
      "shared": false,
      "states": [{
         "key": "permDashboardTime_dashboard_ebf5c16c-f192-4bb1-939f-2ebd2411c438",
         "value": "o%3AdateRange%3Ds%253Alast7Days%5EdateRangeText%3Ds%253A7D"
      }],
      "temporary": false,
      "userId": "287ed085-c6ca-4255-b69c-956f1665ed51",
      "widgetInteractions": [
         {
            "type": "resourceId",
            "widgetIdProvider": "105b1a02-66ea-4afb-a112-b414cc926ad4",
            "widgetIdReceiver": "99f3b126-05dc-4841-a426-81558a32c13d"
         },
         {
            "type": "resourceId",
            "widgetIdProvider": "105b1a02-66ea-4afb-a112-b414cc926ad4",
            "widgetIdReceiver": "6d15d72e-e5ee-4f5f-a855-f953044d045d"
         },
         {
            "type": "resourceId",
            "widgetIdProvider": "6d15d72e-e5ee-4f5f-a855-f953044d045d",
            "widgetIdReceiver": "833cbff5-5c1d-4222-a310-01124f08483f"
         },
         {
            "type": "resourceId",
            "widgetIdProvider": "692978ff-99c0-4786-93c4-08ecd7805af6",
            "widgetIdReceiver": "42ca1315-0f0a-4206-bb7a-7f149c28da8d"
         },
         {
            "type": "resourceId",
            "widgetIdProvider": "692978ff-99c0-4786-93c4-08ecd7805af6",
            "widgetIdReceiver": "105b1a02-66ea-4afb-a112-b414cc926ad4"
         },
         {
            "type": "resourceId",
            "widgetIdProvider": "bc39d469-83fa-4cb9-ba8f-c6df9b9285cb",
            "widgetIdReceiver": "9462e4d9-83cb-4308-b416-5f8e25bc23e8"
         },
         {
            "type": "resourceId",
            "widgetIdProvider": "6d15d72e-e5ee-4f5f-a855-f953044d045d",
            "widgetIdReceiver": "bc39d469-83fa-4cb9-ba8f-c6df9b9285cb"
         }
      ],
      "widgets": [
         {
            "collapsed": false,
            "config": {
               "boxColumns": 6,
               "boxHeight": null,
               "customFilter": {
                  "excludedResources": null,
                  "filter": [],
                  "includedResources": null
               },
               "depth": 1,
               "labelSize": 16,
               "maxCellCount": 100,
               "metric": {
                  "mode": "resourceKind",
                  "resourceKindMetrics": [
                     {
                        "colorMethod": 2,
                        "handleOldColoring": false,
                        "id": "extModel18395-1",
                        "isStringMetric": false,
                        "label": "vCenters",
                        "link": "",
                        "metricKey": "summary|total_number_vcenters",
                        "metricName": "Summary|Total Number of vCenter Server(s)",
                        "metricUnitId": null,
                        "orangeBound": null,
                        "redBound": null,
                        "resourceKindId": "resourceKind:id:0_::_",
                        "resourceKindName": "vSphere World",
                        "unit": "",
                        "yellowBound": null
                     },
                     {
                        "colorMethod": 2,
                        "handleOldColoring": false,
                        "id": "extModel18395-2",
                        "isStringMetric": false,
                        "label": "Datacenters",
                        "link": "",
                        "metricKey": "summary|total_number_datacenters",
                        "metricName": "Summary|Total Number of Datacenters",
                        "metricUnitId": null,
                        "orangeBound": null,
                        "redBound": null,
                        "resourceKindId": "resourceKind:id:0_::_",
                        "resourceKindName": "vSphere World",
                        "unit": "",
                        "yellowBound": null
                     },
                     {
                        "colorMethod": 2,
                        "handleOldColoring": false,
                        "id": "extModel18395-3",
                        "isStringMetric": false,
                        "label": "Clusters",
                        "link": "",
                        "metricKey": "summary|total_number_clusters",
                        "metricName": "Summary|Total Number of Clusters",
                        "metricUnitId": null,
                        "orangeBound": null,
                        "redBound": null,
                        "resourceKindId": "resourceKind:id:0_::_",
                        "resourceKindName": "vSphere World",
                        "unit": "",
                        "yellowBound": null
                     },
                     {
                        "colorMethod": 2,
                        "handleOldColoring": false,
                        "id": "extModel18395-4",
                        "isStringMetric": false,
                        "label": "ESXi Hosts",
                        "link": "",
                        "metricKey": "summary|total_number_hosts",
                        "metricName": "Summary|Total Number of Hosts",
                        "metricUnitId": null,
                        "orangeBound": null,
                        "redBound": null,
                        "resourceKindId": "resourceKind:id:0_::_",
                        "resourceKindName": "vSphere World",
                        "unit": "",
                        "yellowBound": null
                     },
                     {
                        "colorMethod": 2,
                        "handleOldColoring": false,
                        "id": "extModel21923-3",
                        "isStringMetric": false,
                        "label": "Running ESXi Hosts",
                        "link": "",
                        "metricKey": "summary|number_running_hosts",
                        "metricName": "Summary|Number of Running Hosts",
                        "metricUnitId": null,
                        "orangeBound": null,
                        "redBound": null,
                        "resourceKindId": "resourceKind:id:0_::_",
                        "resourceKindName": "vSphere World",
                        "unit": "",
                        "yellowBound": null
                     },
                     {
                        "colorMethod": 2,
                        "handleOldColoring": false,
                        "id": "extModel18395-5",
                        "isStringMetric": false,
                        "label": "VMs",
                        "link": "",
                        "metricKey": "summary|total_number_vms",
                        "metricName": "Summary|Total Number of VMs",
                        "metricUnitId": null,
                        "orangeBound": null,
                        "redBound": null,
                        "resourceKindId": "resourceKind:id:0_::_",
                        "resourceKindName": "vSphere World",
                        "unit": "",
                        "yellowBound": null
                     },
                     {
                        "colorMethod": 2,
                        "handleOldColoring": false,
                        "id": "extModel21923-2",
                        "isStringMetric": false,
                        "label": "Running VMs",
                        "link": "",
                        "metricKey": "summary|number_running_vms",
                        "metricName": "Summary|Number of Running VMs",
                        "metricUnitId": null,
                        "orangeBound": null,
                        "redBound": null,
                        "resourceKindId": "resourceKind:id:0_::_",
                        "resourceKindName": "vSphere World",
                        "unit": "",
                        "yellowBound": null
                     },
                     {
                        "colorMethod": 2,
                        "handleOldColoring": false,
                        "id": "extModel21923-4",
                        "isStringMetric": false,
                        "label": "Powered Off VMs",
                        "link": "",
                        "metricKey": "summary|number_poweredOff_vms",
                        "metricName": "Summary|Number of Powered Off VMs",
                        "metricUnitId": null,
                        "orangeBound": null,
                        "redBound": null,
                        "resourceKindId": "resourceKind:id:0_::_",
                        "resourceKindName": "vSphere World",
                        "unit": "",
                        "yellowBound": null
                     },
                     {
                        "colorMethod": 2,
                        "handleOldColoring": false,
                        "id": "extModel21923-1",
                        "isStringMetric": false,
                        "label": "VM Templates",
                        "link": "",
                        "metricKey": "summary|number_vm_templates",
                        "metricName": "Summary|Number of VM Templates",
                        "metricUnitId": null,
                        "orangeBound": null,
                        "redBound": null,
                        "resourceKindId": "resourceKind:id:0_::_",
                        "resourceKindName": "vSphere World",
                        "unit": "",
                        "yellowBound": null
                     },
                     {
                        "colorMethod": 2,
                        "handleOldColoring": false,
                        "id": "extModel18395-6",
                        "isStringMetric": false,
                        "label": "Datastores",
                        "link": "",
                        "metricKey": "summary|total_number_datastores",
                        "metricName": "Summary|Total Number of Datastores",
                        "metricUnitId": null,
                        "orangeBound": null,
                        "redBound": null,
                        "resourceKindId": "resourceKind:id:0_::_",
                        "resourceKindName": "vSphere World",
                        "unit": "",
                        "yellowBound": null
                     },
                     {
                        "colorMethod": 2,
                        "handleOldColoring": false,
                        "id": "extModel21739-1",
                        "isStringMetric": false,
                        "label": "ESXi Host Cores",
                        "link": "",
                        "metricKey": "cpu|corecount_provisioned",
                        "metricName": "CPU|Number of physical CPUs",
                        "metricUnitId": -1,
                        "orangeBound": null,
                        "redBound": null,
                        "resourceKindId": "resourceKind:id:0_::_",
                        "resourceKindName": "vSphere World",
                        "unit": "Auto",
                        "yellowBound": null
                     },
                     {
                        "colorMethod": 2,
                        "handleOldColoring": false,
                        "id": "extModel21739-2",
                        "isStringMetric": false,
                        "label": "ESXi Host CPUs",
                        "link": "",
                        "metricKey": "cpu|numpackages",
                        "metricName": "CPU|Number of CPU Sockets",
                        "metricUnitId": null,
                        "orangeBound": null,
                        "redBound": null,
                        "resourceKindId": "resourceKind:id:0_::_",
                        "resourceKindName": "vSphere World",
                        "unit": "",
                        "yellowBound": null
                     }
                  ],
                  "resourceMetrics": [],
                  "subMode": "resourceKindAll"
               },
               "mode": {"layoutMode": "fixedView"},
               "oldMetricValues": false,
               "periodLength": "dashboardTime",
               "refreshContent": {"refreshContent": true},
               "refreshInterval": 300,
               "relationshipMode": {"relationshipMode": 0},
               "resInteractionMode": null,
               "resource": [],
               "roundDecimals": null,
               "selfProvider": {"selfProvider": true},
               "showDT": {"showDT": false},
               "showMetricName": {"showMetricName": true},
               "showMetricUnit": {"showMetricUnit": false},
               "showResourceName": {"showResourceName": false},
               "showSparkline": {"showSparkline": true},
               "title": "Inventory",
               "valueSize": 24,
               "visualTheme": 6
            },
            "gridsterCoords": {
               "h": 4,
               "w": 6,
               "x": 1,
               "y": 1
            },
            "height": 210,
            "id": "ed77ee9c-f007-4d7c-b459-a76be024c666",
            "title": "Inventory",
            "type": "Scoreboard"
         },
         {
            "collapsed": false,
            "config": {
               "chartViewItems": [
                  "legend",
                  "title"
               ],
               "isUpdatedView": true,
               "refreshContent": {"refreshContent": true},
               "refreshInterval": 300,
               "resource": {
                  "id": "Ext.vcops.chrome.model.Resource-4",
                  "resourceId": "resource:id:0_::_",
                  "resourceKindId": "002006VMWAREvSphere World",
                  "resourceName": "vSphere World",
                  "traversalSpecId": ""
               },
               "selectFirstRow": {"selectFirstRow": false},
               "selfProvider": {"selfProvider": true},
               "title": "Clusters - DRS Enabled",
               "traversalSpecId": null,
               "viewDefinitionId": "65a91148-3924-4944-a0d5-569d4755fabf"
            },
            "gridsterCoords": {
               "h": 6,
               "w": 3,
               "x": 7,
               "y": 18
            },
            "height": 324,
            "id": "d9068517-0d0f-463e-862f-408bf1c16cb0",
            "states": [{
               "key": "perm_isDashboardTime_widget_ebf5c16c-f192-4bb1-939f-2ebd2411c438_d9068517-0d0f-463e-862f-408bf1c16cb0",
               "value": "b%3A0"
            }],
            "title": "Clusters - DRS Enabled",
            "type": "View"
         },
         {
            "collapsed": false,
            "config": {
               "chartViewItems": [
                  "legend",
                  "title"
               ],
               "isUpdatedView": true,
               "refreshContent": {"refreshContent": true},
               "refreshInterval": 300,
               "resource": {
                  "id": "Ext.vcops.chrome.model.Resource-3",
                  "resourceId": "resource:id:0_::_",
                  "resourceKindId": "002006VMWAREvSphere World",
                  "resourceName": "vSphere World",
                  "traversalSpecId": ""
               },
               "selectFirstRow": {"selectFirstRow": false},
               "selfProvider": {"selfProvider": true},
               "title": "Clusters - HA Enabled",
               "traversalSpecId": null,
               "viewDefinitionId": "1f818dd2-2115-4c8c-9f3a-aa036fa5f862"
            },
            "gridsterCoords": {
               "h": 6,
               "w": 3,
               "x": 4,
               "y": 18
            },
            "height": 324,
            "id": "667e1dff-fbaf-4ac9-9f3b-4a327ab590d9",
            "states": [{
               "key": "perm_isDashboardTime_widget_ebf5c16c-f192-4bb1-939f-2ebd2411c438_667e1dff-fbaf-4ac9-9f3b-4a327ab590d9",
               "value": "b%3A0"
            }],
            "title": "Clusters - HA Enabled",
            "type": "View"
         },
         {
            "collapsed": false,
            "config": {
               "chartViewItems": [],
               "isUpdatedView": true,
               "refreshContent": {"refreshContent": true},
               "refreshInterval": 300,
               "resource": null,
               "selectFirstRow": {"selectFirstRow": true},
               "selfProvider": {"selfProvider": false},
               "title": "Clusters (for selected vCenter)",
               "traversalSpecId": "",
               "viewDefinitionId": "292c9fc8-b375-4a7a-92ea-c3c233c9aa29"
            },
            "gridsterCoords": {
               "h": 6,
               "w": 6,
               "x": 1,
               "y": 12
            },
            "height": 324,
            "id": "105b1a02-66ea-4afb-a112-b414cc926ad4",
            "states": [
               {
                  "key": "permSelectedDate_widget_ebf5c16c-f192-4bb1-939f-2ebd2411c438_105b1a02-66ea-4afb-a112-b414cc926ad4",
                  "value": "s%3A%7B%22minType%22%3A%22.TimeIntervalControl%22%2C%22advancedTimeMode%22%3Afalse%2C%22fromTime%22%3Anull%2C%22unit%22%3A%22DAYS%22%2C%22count%22%3A30%2C%22priorUnit%22%3Anull%2C%22priorCount%22%3Anull%2C%22startSubUnit%22%3Anull%2C%22startPeriod%22%3Anull%2C%22toTime%22%3Anull%2C%22endUnit%22%3Anull%2C%22endCount%22%3Anull%2C%22endSubUnit%22%3Anull%2C%22endPeriod%22%3Anull%2C%22isRealTimeData%22%3Anull%2C%22mondayHours%22%3A%5B%5D%2C%22tuesdayHours%22%3A%5B%5D%2C%22wednesdayHours%22%3A%5B%5D%2C%22thursdayHours%22%3A%5B%5D%2C%22fridayHours%22%3A%5B%5D%2C%22saturdayHours%22%3A%5B%5D%2C%22sundayHours%22%3A%5B%5D%7D"
               },
               {
                  "key": "perm_isDashboardTime_widget_ebf5c16c-f192-4bb1-939f-2ebd2411c438_105b1a02-66ea-4afb-a112-b414cc926ad4",
                  "value": "b%3A0"
               },
               {
                  "key": "perm_toolbarVisible_widget_ebf5c16c-f192-4bb1-939f-2ebd2411c438_105b1a02-66ea-4afb-a112-b414cc926ad4",
                  "value": "b%3A1"
               },
               {
                  "key": "permPageSize_widget_ebf5c16c-f192-4bb1-939f-2ebd2411c438_105b1a02-66ea-4afb-a112-b414cc926ad4",
                  "value": "n%3A100"
               }
            ],
            "title": "Clusters (for selected vCenter)",
            "type": "View"
         },
         {
            "collapsed": false,
            "config": {
               "chartViewItems": [
                  "legend",
                  "title"
               ],
               "isUpdatedView": true,
               "refreshContent": {"refreshContent": true},
               "refreshInterval": 300,
               "resource": {
                  "id": "Ext.vcops.chrome.model.Resource-2",
                  "resourceId": "resource:id:0_::_",
                  "resourceKindId": "002006VMWAREvSphere World",
                  "resourceName": "vSphere World",
                  "traversalSpecId": ""
               },
               "selectFirstRow": {"selectFirstRow": false},
               "selfProvider": {"selfProvider": true},
               "title": "Clusters - Health",
               "traversalSpecId": null,
               "viewDefinitionId": "d6f49bf2-e4de-41aa-a944-21086db5a73f"
            },
            "gridsterCoords": {
               "h": 6,
               "w": 3,
               "x": 1,
               "y": 18
            },
            "height": 324,
            "id": "07d8ef67-2cd2-4221-90ce-d87b2792d796",
            "states": [
               {
                  "key": "perm_isDashboardTime_widget_ebf5c16c-f192-4bb1-939f-2ebd2411c438_07d8ef67-2cd2-4221-90ce-d87b2792d796",
                  "value": "b%3A0"
               },
               {
                  "key": "perm_toolbarVisible_widget_ebf5c16c-f192-4bb1-939f-2ebd2411c438_07d8ef67-2cd2-4221-90ce-d87b2792d796",
                  "value": "b%3A1"
               }
            ],
            "title": "Clusters - Health",
            "type": "View"
         },
         {
            "collapsed": false,
            "config": {
               "chartViewItems": [
                  "legend",
                  "title"
               ],
               "isUpdatedView": true,
               "refreshContent": {"refreshContent": true},
               "refreshInterval": 300,
               "resource": {
                  "id": "Ext.vcops.chrome.model.Resource-7",
                  "resourceId": "resource:id:0_::_",
                  "resourceKindId": "002006VMWAREvSphere World",
                  "resourceName": "vSphere World",
                  "traversalSpecId": ""
               },
               "selectFirstRow": {"selectFirstRow": false},
               "selfProvider": {"selfProvider": true},
               "title": "Clusters - Admission Control Enabled",
               "traversalSpecId": null,
               "viewDefinitionId": "12d819e7-a7e1-4bff-9cde-98461e2d7ee9"
            },
            "gridsterCoords": {
               "h": 6,
               "w": 3,
               "x": 10,
               "y": 18
            },
            "height": 324,
            "id": "86f6eb7a-83c6-4b99-b9f3-6e5ee95bb851",
            "states": [{
               "key": "perm_isDashboardTime_widget_ebf5c16c-f192-4bb1-939f-2ebd2411c438_86f6eb7a-83c6-4b99-b9f3-6e5ee95bb851",
               "value": "b%3A0"
            }],
            "title": "Clusters - Admission Control Enabled",
            "type": "View"
         },
         {
            "collapsed": false,
            "config": {
               "alertAction": [],
               "alertImpact": [],
               "criticalityLevel": [
                  3,
                  4
               ],
               "customFilter": {
                  "excludedResources": null,
                  "filter": [],
                  "includedResources": null
               },
               "depth": 4,
               "filterMode": "tagPicker",
               "mode": "all",
               "refreshContent": {"refreshContent": true},
               "refreshInterval": 300,
               "relationshipMode": {"relationshipMode": [
                  -1,
                  0
               ]},
               "resource": [],
               "selfProvider": {"selfProvider": false},
               "state": [],
               "status": [0],
               "tagFilter": null,
               "title": "Active Alerts (selected Cluster and its children) | Reset Interaction in Toolbar to See All Alerts",
               "type": []
            },
            "gridsterCoords": {
               "h": 6,
               "w": 6,
               "x": 7,
               "y": 12
            },
            "height": 324,
            "id": "99f3b126-05dc-4841-a426-81558a32c13d",
            "states": [
               {
                  "key": "permAlertGrid_perm_widget_ebf5c16c-f192-4bb1-939f-2ebd2411c438_99f3b126-05dc-4841-a426-81558a32c13d",
                  "value": "o%3Acolumns%3Da%253Ao%25253Aid%25253Ds%2525253Ah1%25255Ehidden%25253Db%2525253A1%25255Ewidth%25253Dn%2525253A100%255Eo%25253Aid%25253Ds%2525253Ah2%255Eo%25253Aid%25253Ds%2525253Ah3%255Eo%25253Aid%25253Ds%2525253Ah4%255Eo%25253Aid%25253Ds%2525253Ah5%255Eo%25253Aid%25253Ds%2525253Ah6%255Eo%25253Aid%25253Ds%2525253Ah7%25255Ehidden%25253Db%2525253A1%255Eo%25253Aid%25253Ds%2525253Ah8%25255Ehidden%25253Db%2525253A1%255Eo%25253Aid%25253Ds%2525253Ah9%25255Ehidden%25253Db%2525253A1%255Eo%25253Aid%25253Ds%2525253Ah10%25255Ehidden%25253Db%2525253A1%255Eo%25253Aid%25253Ds%2525253Ah11%25255Ehidden%25253Db%2525253A1%255Eo%25253Aid%25253Ds%2525253Ah12%25255Ehidden%25253Db%2525253A1%255Eo%25253Aid%25253Ds%2525253Ah13%25255Ehidden%25253Db%2525253A1%255Eo%25253Aid%25253Ds%2525253Ah14%25255Ehidden%25253Db%2525253A1%255Eo%25253Aid%25253Ds%2525253Ah15%25255Ehidden%25253Db%2525253A0%5EstoreState%3Do%253Asorters%253Da%25253Ao%2525253Aroot%2525253Ds%252525253Adata%2525255Eproperty%2525253Ds%252525253AstartTimeUtc%2525255Edirection%2525253Ds%252525253ADESC%2525255Eid%2525253Ds%252525253AstartTimeUtc"
               },
               {
                  "key": "permViewMode_widget_ebf5c16c-f192-4bb1-939f-2ebd2411c438_99f3b126-05dc-4841-a426-81558a32c13d",
                  "value": "s%3AproblemDefinitionId"
               },
               {
                  "key": "permDateFilter_widget_ebf5c16c-f192-4bb1-939f-2ebd2411c438_99f3b126-05dc-4841-a426-81558a32c13d",
                  "value": "s%3A%7B%22dateRange%22%3A%22last30Days%22%2C%22dateFrom%22%3Anull%2C%22dateTo%22%3Anull%2C%22timeFrom%22%3Anull%2C%22timeTo%22%3Anull%7D"
               },
               {
                  "key": "perm_toolbarVisible_widget_ebf5c16c-f192-4bb1-939f-2ebd2411c438_99f3b126-05dc-4841-a426-81558a32c13d",
                  "value": "b%3A1"
               }
            ],
            "title": "Active Alerts (selected Cluster and its children) | Reset Interaction in Toolbar to See All Alerts",
            "type": "AlertList"
         },
         {
            "collapsed": false,
            "config": {
               "chartViewItems": [],
               "isUpdatedView": true,
               "refreshContent": {"refreshContent": true},
               "refreshInterval": 300,
               "resource": null,
               "selectFirstRow": {"selectFirstRow": true},
               "selfProvider": {"selfProvider": false},
               "title": "ESXi Hosts (for selected Cluster)",
               "traversalSpecId": "",
               "viewDefinitionId": "a756b4fe-3b17-41b0-9644-e5e301dab729"
            },
            "gridsterCoords": {
               "h": 6,
               "w": 6,
               "x": 1,
               "y": 24
            },
            "height": 324,
            "id": "6d15d72e-e5ee-4f5f-a855-f953044d045d",
            "states": [
               {
                  "key": "perm_isDashboardTime_widget_ebf5c16c-f192-4bb1-939f-2ebd2411c438_6d15d72e-e5ee-4f5f-a855-f953044d045d",
                  "value": "b%3A0"
               },
               {
                  "key": "perm_toolbarVisible_widget_ebf5c16c-f192-4bb1-939f-2ebd2411c438_6d15d72e-e5ee-4f5f-a855-f953044d045d",
                  "value": "b%3A1"
               }
            ],
            "title": "ESXi Hosts (for selected Cluster)",
            "type": "View"
         },
         {
            "collapsed": false,
            "config": {
               "alertAction": [],
               "alertImpact": [],
               "criticalityLevel": [
                  3,
                  4
               ],
               "customFilter": {
                  "excludedResources": null,
                  "filter": [],
                  "includedResources": null
               },
               "depth": 3,
               "filterMode": "tagPicker",
               "mode": "all",
               "refreshContent": {"refreshContent": true},
               "refreshInterval": 300,
               "relationshipMode": {"relationshipMode": [
                  -1,
                  0
               ]},
               "resource": [],
               "selfProvider": {"selfProvider": false},
               "state": [],
               "status": [0],
               "tagFilter": null,
               "title": "Active Alerts (selected ESXi Host and its children) | Reset Interaction in Toolbar to See All Alerts",
               "type": []
            },
            "gridsterCoords": {
               "h": 6,
               "w": 6,
               "x": 7,
               "y": 24
            },
            "height": 324,
            "id": "833cbff5-5c1d-4222-a310-01124f08483f",
            "states": [
               {
                  "key": "permDateFilter_widget_ebf5c16c-f192-4bb1-939f-2ebd2411c438_833cbff5-5c1d-4222-a310-01124f08483f",
                  "value": "s%3A%7B%22dateRange%22%3A%22last30Days%22%2C%22dateFrom%22%3Anull%2C%22dateTo%22%3Anull%2C%22timeFrom%22%3Anull%2C%22timeTo%22%3Anull%7D"
               },
               {
                  "key": "permViewMode_widget_ebf5c16c-f192-4bb1-939f-2ebd2411c438_833cbff5-5c1d-4222-a310-01124f08483f",
                  "value": "s%3AresourceKindId"
               },
               {
                  "key": "permAlertGrid_perm_widget_ebf5c16c-f192-4bb1-939f-2ebd2411c438_833cbff5-5c1d-4222-a310-01124f08483f",
                  "value": "o%3Acolumns%3Da%253Ao%25253Aid%25253Ds%2525253Ah1%25255Ehidden%25253Db%2525253A1%25255Ewidth%25253Dn%2525253A100%255Eo%25253Aid%25253Ds%2525253Ah2%25255Ewidth%25253Dn%2525253A135%255Eo%25253Aid%25253Ds%2525253Ah3%25255Ewidth%25253Dn%2525253A692%255Eo%25253Aid%25253Ds%2525253Ah4%25255Ewidth%25253Dn%2525253A144%255Eo%25253Aid%25253Ds%2525253Ah5%25255Ewidth%25253Dn%2525253A145%255Eo%25253Aid%25253Ds%2525253Ah6%25255Ewidth%25253Dn%2525253A113%255Eo%25253Aid%25253Ds%2525253Ah7%25255Ehidden%25253Db%2525253A1%255Eo%25253Aid%25253Ds%2525253Ah8%25255Ehidden%25253Db%2525253A1%255Eo%25253Aid%25253Ds%2525253Ah9%25255Ehidden%25253Db%2525253A1%255Eo%25253Aid%25253Ds%2525253Ah10%25255Ehidden%25253Db%2525253A1%255Eo%25253Aid%25253Ds%2525253Ah11%25255Ehidden%25253Db%2525253A1%255Eo%25253Aid%25253Ds%2525253Ah12%25255Ehidden%25253Db%2525253A1%255Eo%25253Aid%25253Ds%2525253Ah13%25255Ehidden%25253Db%2525253A1%255Eo%25253Aid%25253Ds%2525253Ah14%25255Ehidden%25253Db%2525253A1%255Eo%25253Aid%25253Ds%2525253Ah15%25255Ehidden%25253Db%2525253A0%5EstoreState%3Do%253Asorters%253Da%25253Ao%2525253Aroot%2525253Ds%252525253Adata%2525255Eproperty%2525253Ds%252525253AstartTimeUtc%2525255Edirection%2525253Ds%252525253ADESC%2525255Eid%2525253Ds%252525253AstartTimeUtc"
               },
               {
                  "key": "perm_toolbarVisible_widget_ebf5c16c-f192-4bb1-939f-2ebd2411c438_833cbff5-5c1d-4222-a310-01124f08483f",
                  "value": "b%3A1"
               }
            ],
            "title": "Active Alerts (selected ESXi Host and its children) | Reset Interaction in Toolbar to See All Alerts",
            "type": "AlertList"
         },
         {
            "collapsed": false,
            "config": {
               "chartViewItems": [
                  "legend",
                  "title"
               ],
               "isUpdatedView": true,
               "refreshContent": {"refreshContent": true},
               "refreshInterval": 300,
               "resource": {
                  "id": "Ext.vcops.chrome.model.Resource-25",
                  "resourceId": "resource:id:0_::_",
                  "resourceKindId": "002006VMWAREvSphere World",
                  "resourceName": "vSphere World",
                  "traversalSpecId": ""
               },
               "selectFirstRow": {"selectFirstRow": false},
               "selfProvider": {"selfProvider": true},
               "title": "ESXi Hosts - Health",
               "traversalSpecId": null,
               "viewDefinitionId": "dddfa2f3-bd42-43f0-a502-f2139d1d4968"
            },
            "gridsterCoords": {
               "h": 6,
               "w": 2,
               "x": 1,
               "y": 30
            },
            "height": 324,
            "id": "a825b6c5-fd4b-4026-99f3-683ea80a95d0",
            "states": [{
               "key": "perm_isDashboardTime_widget_ebf5c16c-f192-4bb1-939f-2ebd2411c438_a825b6c5-fd4b-4026-99f3-683ea80a95d0",
               "value": "b%3A0"
            }],
            "title": "ESXi Hosts - Health",
            "type": "View"
         },
         {
            "collapsed": false,
            "config": {
               "chartViewItems": [
                  "legend",
                  "title"
               ],
               "isUpdatedView": true,
               "refreshContent": {"refreshContent": true},
               "refreshInterval": 300,
               "resource": {
                  "id": "Ext.vcops.chrome.model.Resource-26",
                  "resourceId": "resource:id:0_::_",
                  "resourceKindId": "002006VMWAREvSphere World",
                  "resourceName": "vSphere World",
                  "traversalSpecId": ""
               },
               "selectFirstRow": {"selectFirstRow": false},
               "selfProvider": {"selfProvider": true},
               "title": "ESXi Hosts - Maintenance Mode",
               "traversalSpecId": null,
               "viewDefinitionId": "f7e14393-a54f-4148-aeb5-afbe2611e845"
            },
            "gridsterCoords": {
               "h": 6,
               "w": 2,
               "x": 3,
               "y": 30
            },
            "height": 324,
            "id": "d9a0096a-7952-413e-b061-5200a8c82c03",
            "states": [{
               "key": "perm_isDashboardTime_widget_ebf5c16c-f192-4bb1-939f-2ebd2411c438_d9a0096a-7952-413e-b061-5200a8c82c03",
               "value": "b%3A0"
            }],
            "title": "ESXi Hosts - Maintenance Mode",
            "type": "View"
         },
         {
            "collapsed": false,
            "config": {
               "chartViewItems": [
                  "legend",
                  "title"
               ],
               "isUpdatedView": true,
               "refreshContent": {"refreshContent": true},
               "refreshInterval": 300,
               "resource": {
                  "id": "Ext.vcops.chrome.model.Resource-27",
                  "resourceId": "resource:id:0_::_",
                  "resourceKindId": "002006VMWAREvSphere World",
                  "resourceName": "vSphere World",
                  "traversalSpecId": ""
               },
               "selectFirstRow": {"selectFirstRow": false},
               "selfProvider": {"selfProvider": true},
               "title": "ESXi Hosts - Connection State",
               "traversalSpecId": null,
               "viewDefinitionId": "98209b87-2522-47db-b006-b0dd5fe4197c"
            },
            "gridsterCoords": {
               "h": 6,
               "w": 2,
               "x": 5,
               "y": 30
            },
            "height": 324,
            "id": "6e2dd346-1409-4a8e-8c59-e17d3861c7e1",
            "states": [{
               "key": "perm_isDashboardTime_widget_ebf5c16c-f192-4bb1-939f-2ebd2411c438_6e2dd346-1409-4a8e-8c59-e17d3861c7e1",
               "value": "b%3A0"
            }],
            "title": "ESXi Hosts - Connection State",
            "type": "View"
         },
         {
            "collapsed": false,
            "config": {
               "chartViewItems": [],
               "isUpdatedView": true,
               "refreshContent": {"refreshContent": true},
               "refreshInterval": 300,
               "resource": null,
               "selectFirstRow": {"selectFirstRow": true},
               "selfProvider": {"selfProvider": false},
               "title": "Datastores (for selected VM)",
               "traversalSpecId": "",
               "viewDefinitionId": "6b5d256f-3b62-455d-a058-25851da87842"
            },
            "gridsterCoords": {
               "h": 6,
               "w": 6,
               "x": 7,
               "y": 36
            },
            "height": 324,
            "id": "9462e4d9-83cb-4308-b416-5f8e25bc23e8",
            "states": [
               {
                  "key": "perm_toolbarVisible_widget_ebf5c16c-f192-4bb1-939f-2ebd2411c438_9462e4d9-83cb-4308-b416-5f8e25bc23e8",
                  "value": "b%3A1"
               },
               {
                  "key": "perm_isDashboardTime_widget_ebf5c16c-f192-4bb1-939f-2ebd2411c438_9462e4d9-83cb-4308-b416-5f8e25bc23e8",
                  "value": "b%3A0"
               },
               {
                  "key": "permSelectedDate_widget_ebf5c16c-f192-4bb1-939f-2ebd2411c438_9462e4d9-83cb-4308-b416-5f8e25bc23e8",
                  "value": "s%3A%7B%22minType%22%3A%22.TimeIntervalControl%22%2C%22advancedTimeMode%22%3Afalse%2C%22fromTime%22%3Anull%2C%22unit%22%3A%22DAYS%22%2C%22count%22%3A7%2C%22priorUnit%22%3Anull%2C%22priorCount%22%3Anull%2C%22startSubUnit%22%3Anull%2C%22startPeriod%22%3Anull%2C%22toTime%22%3Anull%2C%22endUnit%22%3Anull%2C%22endCount%22%3Anull%2C%22endSubUnit%22%3Anull%2C%22endPeriod%22%3Anull%2C%22isRealTimeData%22%3Anull%2C%22mondayHours%22%3A%5B%5D%2C%22tuesdayHours%22%3A%5B%5D%2C%22wednesdayHours%22%3A%5B%5D%2C%22thursdayHours%22%3A%5B%5D%2C%22fridayHours%22%3A%5B%5D%2C%22saturdayHours%22%3A%5B%5D%2C%22sundayHours%22%3A%5B%5D%7D"
               },
               {
                  "key": "permPageSize_widget_ebf5c16c-f192-4bb1-939f-2ebd2411c438_9462e4d9-83cb-4308-b416-5f8e25bc23e8",
                  "value": "n%3A100"
               }
            ],
            "title": "Datastores (for selected VM)",
            "type": "View"
         },
         {
            "collapsed": false,
            "config": {
               "chartViewItems": [],
               "isUpdatedView": true,
               "refreshContent": {"refreshContent": true},
               "refreshInterval": 300,
               "resource": null,
               "selectFirstRow": {"selectFirstRow": true},
               "selfProvider": {"selfProvider": false},
               "title": "VMs (for selected ESXi Host)",
               "traversalSpecId": "",
               "viewDefinitionId": "da11cd7d-2ee2-411a-bdec-a5829d5ec332"
            },
            "gridsterCoords": {
               "h": 6,
               "w": 6,
               "x": 1,
               "y": 36
            },
            "height": 324,
            "id": "bc39d469-83fa-4cb9-ba8f-c6df9b9285cb",
            "states": [
               {
                  "key": "perm_toolbarVisible_widget_ebf5c16c-f192-4bb1-939f-2ebd2411c438_bc39d469-83fa-4cb9-ba8f-c6df9b9285cb",
                  "value": "b%3A1"
               },
               {
                  "key": "permSelectedDate_widget_ebf5c16c-f192-4bb1-939f-2ebd2411c438_bc39d469-83fa-4cb9-ba8f-c6df9b9285cb",
                  "value": "s%3A%7B%22minType%22%3A%22.TimeIntervalControl%22%2C%22advancedTimeMode%22%3Afalse%2C%22fromTime%22%3Anull%2C%22unit%22%3A%22DAYS%22%2C%22count%22%3A7%2C%22priorUnit%22%3Anull%2C%22priorCount%22%3Anull%2C%22startSubUnit%22%3Anull%2C%22startPeriod%22%3Anull%2C%22toTime%22%3Anull%2C%22endUnit%22%3Anull%2C%22endCount%22%3Anull%2C%22endSubUnit%22%3Anull%2C%22endPeriod%22%3Anull%2C%22isRealTimeData%22%3Anull%2C%22mondayHours%22%3A%5B%5D%2C%22tuesdayHours%22%3A%5B%5D%2C%22wednesdayHours%22%3A%5B%5D%2C%22thursdayHours%22%3A%5B%5D%2C%22fridayHours%22%3A%5B%5D%2C%22saturdayHours%22%3A%5B%5D%2C%22sundayHours%22%3A%5B%5D%7D"
               },
               {
                  "key": "perm_isDashboardTime_widget_ebf5c16c-f192-4bb1-939f-2ebd2411c438_bc39d469-83fa-4cb9-ba8f-c6df9b9285cb",
                  "value": "b%3A0"
               }
            ],
            "title": "VMs (for selected ESXi Host)",
            "type": "View"
         },
         {
            "collapsed": false,
            "config": {
               "chartViewItems": [
                  "legend",
                  "title"
               ],
               "isUpdatedView": true,
               "refreshContent": {"refreshContent": true},
               "refreshInterval": 300,
               "resource": {
                  "id": "Ext.vcops.chrome.model.Resource-3",
                  "resourceId": "resource:id:0_::_",
                  "resourceKindId": "002006VMWAREvSphere World",
                  "resourceName": "vSphere World",
                  "traversalSpecId": ""
               },
               "selectFirstRow": {"selectFirstRow": false},
               "selfProvider": {"selfProvider": true},
               "title": "ESXi Hosts - Version",
               "traversalSpecId": null,
               "viewDefinitionId": "d3352245-69ed-4fb8-b8fc-fa5d0a32e2ac"
            },
            "gridsterCoords": {
               "h": 6,
               "w": 2,
               "x": 7,
               "y": 30
            },
            "height": 324,
            "id": "8a8ef456-3d70-457b-a8d7-9a3cd69e7ee8",
            "states": [{
               "key": "perm_isDashboardTime_widget_ebf5c16c-f192-4bb1-939f-2ebd2411c438_8a8ef456-3d70-457b-a8d7-9a3cd69e7ee8",
               "value": "b%3A0"
            }],
            "title": "ESXi Hosts - Version",
            "type": "View"
         },
         {
            "collapsed": false,
            "config": {
               "chartViewItems": [
                  "legend",
                  "title"
               ],
               "isUpdatedView": true,
               "refreshContent": {"refreshContent": true},
               "refreshInterval": 300,
               "resource": {
                  "id": "Ext.vcops.chrome.model.Resource-5",
                  "resourceId": "resource:id:0_::_",
                  "resourceKindId": "002006VMWAREvSphere World",
                  "resourceName": "vSphere World",
                  "traversalSpecId": ""
               },
               "selectFirstRow": {"selectFirstRow": false},
               "selfProvider": {"selfProvider": true},
               "title": "ESXi Hosts - Connection State",
               "traversalSpecId": null,
               "viewDefinitionId": "98209b87-2522-47db-b006-b0dd5fe4197c"
            },
            "gridsterCoords": {
               "h": 6,
               "w": 2,
               "x": 9,
               "y": 30
            },
            "height": 324,
            "id": "b74c5991-f9ef-4740-87ca-e3afb425189f",
            "states": [{
               "key": "perm_isDashboardTime_widget_ebf5c16c-f192-4bb1-939f-2ebd2411c438_b74c5991-f9ef-4740-87ca-e3afb425189f",
               "value": "b%3A0"
            }],
            "title": "ESXi Hosts - Connection State",
            "type": "View"
         },
         {
            "collapsed": false,
            "config": {
               "chartViewItems": [
                  "legend",
                  "title"
               ],
               "isUpdatedView": true,
               "refreshContent": {"refreshContent": true},
               "refreshInterval": 300,
               "resource": {
                  "id": "Ext.vcops.chrome.model.Resource-7",
                  "resourceId": "resource:id:0_::_",
                  "resourceKindId": "002006VMWAREvSphere World",
                  "resourceName": "vSphere World",
                  "traversalSpecId": ""
               },
               "selectFirstRow": {"selectFirstRow": false},
               "selfProvider": {"selfProvider": true},
               "title": "ESXi Hosts - Hardware Model",
               "traversalSpecId": null,
               "viewDefinitionId": "c2422141-bf17-4969-8ac5-8526af7e01c7"
            },
            "gridsterCoords": {
               "h": 6,
               "w": 2,
               "x": 11,
               "y": 30
            },
            "height": 324,
            "id": "3fa646d6-1406-4f27-89e6-a67b4320c711",
            "states": [{
               "key": "perm_isDashboardTime_widget_ebf5c16c-f192-4bb1-939f-2ebd2411c438_3fa646d6-1406-4f27-89e6-a67b4320c711",
               "value": "b%3A0"
            }],
            "title": "ESXi Hosts - Hardware Model",
            "type": "View"
         },
         {
            "collapsed": true,
            "config": {
               "editorData": "<div><font color=\"FFFFFF\">\u200bEvery object in vROps has a Health Bagde associated with it.&nbsp; Health is based on Alerts and severity of those Alerts.&nbsp; For more details go here: <\/font><font color=\"00CCFF\">https://docs.vmware.com/en/VMware-vSphere/6.0/com.vmware.vsphere.monitoring.doc/GUID-84AD4C5B-4398-457C-9B22-A97FF72C1873.html<\/font><\/div><div><font color=\"00CCFF\"><br><\/font><\/div><div><font color=\"00CCFF\"><font color=\"FFFFFF\"><span style=\"background-color: rgb(51, 51, 51);\">ESXi Host Compliance is based on industry standard best practies for your ESXi Hosts based on the vSphere Security Security Guidelines found under Optimize - Compliance.&nbsp; Other VMware Security Guidelines and Regulatory Benchmarks like CIS, DISA, HIPAA, FISMA, ISO, and PCI can be enabled ther<font color=\"FFFFFF\">e as well.&nbsp; For more details go here: <\/font><\/span><\/font>https://www.vmwareopsguide.com/operations-management/chapter-6-compliance-management/1.6.3-continuous-compliance/<br><\/font><\/div>",
               "locationFile": "",
               "locationUrl": "",
               "refreshContent": {"refreshContent": false},
               "refreshInterval": 300,
               "title": "What is vROps Health and Compliance?",
               "viewModeHTML": true
            },
            "gridsterCoords": {
               "h": 1,
               "w": 12,
               "x": 1,
               "y": 5
            },
            "height": 153,
            "id": "e6560e3f-5429-4277-a21c-8b571046f451",
            "title": "What is vROps Health and Compliance?",
            "type": "TextDisplay"
         },
         {
            "collapsed": false,
            "config": {
               "chartViewItems": [],
               "isUpdatedView": true,
               "refreshContent": {"refreshContent": true},
               "refreshInterval": 300,
               "resource": {
                  "id": "Ext.vcops.chrome.model.Resource-10",
                  "resourceId": "resource:id:0_::_",
                  "resourceKindId": "002006VMWAREvSphere World",
                  "resourceName": "vSphere World",
                  "traversalSpecId": ""
               },
               "selectFirstRow": {"selectFirstRow": true},
               "selfProvider": {"selfProvider": true},
               "title": "vCenters",
               "traversalSpecId": null,
               "viewDefinitionId": "259ef48d-6a42-43df-9871-ec41b54bc063"
            },
            "gridsterCoords": {
               "h": 6,
               "w": 6,
               "x": 1,
               "y": 6
            },
            "height": 324,
            "id": "692978ff-99c0-4786-93c4-08ecd7805af6",
            "states": [
               {
                  "key": "permSelectedDate_widget_ebf5c16c-f192-4bb1-939f-2ebd2411c438_692978ff-99c0-4786-93c4-08ecd7805af6",
                  "value": "s%3A%7B%22minType%22%3A%22.TimeIntervalControl%22%2C%22advancedTimeMode%22%3Afalse%2C%22fromTime%22%3Anull%2C%22unit%22%3A%22DAYS%22%2C%22count%22%3A7%2C%22priorUnit%22%3Anull%2C%22priorCount%22%3Anull%2C%22startSubUnit%22%3Anull%2C%22startPeriod%22%3Anull%2C%22toTime%22%3Anull%2C%22endUnit%22%3Anull%2C%22endCount%22%3Anull%2C%22endSubUnit%22%3Anull%2C%22endPeriod%22%3Anull%2C%22isRealTimeData%22%3Anull%2C%22mondayHours%22%3A%5B%5D%2C%22tuesdayHours%22%3A%5B%5D%2C%22wednesdayHours%22%3A%5B%5D%2C%22thursdayHours%22%3A%5B%5D%2C%22fridayHours%22%3A%5B%5D%2C%22saturdayHours%22%3A%5B%5D%2C%22sundayHours%22%3A%5B%5D%7D"
               },
               {
                  "key": "permPageSize_widget_ebf5c16c-f192-4bb1-939f-2ebd2411c438_692978ff-99c0-4786-93c4-08ecd7805af6",
                  "value": "n%3A50"
               },
               {
                  "key": "perm_isDashboardTime_widget_ebf5c16c-f192-4bb1-939f-2ebd2411c438_692978ff-99c0-4786-93c4-08ecd7805af6",
                  "value": "b%3A0"
               },
               {
                  "key": "perm_toolbarVisible_widget_ebf5c16c-f192-4bb1-939f-2ebd2411c438_692978ff-99c0-4786-93c4-08ecd7805af6",
                  "value": "b%3A1"
               }
            ],
            "title": "vCenters",
            "type": "View"
         },
         {
            "collapsed": false,
            "config": {
               "alertAction": [],
               "alertImpact": [],
               "criticalityLevel": [],
               "customFilter": {
                  "excludedResources": null,
                  "filter": [],
                  "includedResources": null
               },
               "depth": 6,
               "filterMode": "tagPicker",
               "mode": "all",
               "refreshContent": {"refreshContent": true},
               "refreshInterval": 300,
               "relationshipMode": {"relationshipMode": [
                  -1,
                  0
               ]},
               "resource": [],
               "selfProvider": {"selfProvider": false},
               "state": [],
               "status": [0],
               "tagFilter": null,
               "title": "Active Alerts (selected vCenter and its children) | Reset Interaction in Toolbar to See All Alerts",
               "type": []
            },
            "gridsterCoords": {
               "h": 6,
               "w": 6,
               "x": 7,
               "y": 6
            },
            "height": 324,
            "id": "42ca1315-0f0a-4206-bb7a-7f149c28da8d",
            "states": [
               {
                  "key": "permDateFilter_widget_ebf5c16c-f192-4bb1-939f-2ebd2411c438_42ca1315-0f0a-4206-bb7a-7f149c28da8d",
                  "value": "s%3A%7B%22dateRange%22%3A%22last30Days%22%2C%22dateFrom%22%3Anull%2C%22dateTo%22%3Anull%2C%22timeFrom%22%3Anull%2C%22timeTo%22%3Anull%7D"
               },
               {
                  "key": "perm_toolbarVisible_widget_ebf5c16c-f192-4bb1-939f-2ebd2411c438_42ca1315-0f0a-4206-bb7a-7f149c28da8d",
                  "value": "b%3A1"
               },
               {
                  "key": "permViewMode_widget_ebf5c16c-f192-4bb1-939f-2ebd2411c438_42ca1315-0f0a-4206-bb7a-7f149c28da8d",
                  "value": "s%3AresourceKindId"
               },
               {
                  "key": "permAlertGrid_perm_widget_ebf5c16c-f192-4bb1-939f-2ebd2411c438_42ca1315-0f0a-4206-bb7a-7f149c28da8d",
                  "value": "o%3Acolumns%3Da%253Ao%25253Aid%25253Ds%2525253Ah1%25255Ehidden%25253Db%2525253A1%25255Ewidth%25253Dn%2525253A100%255Eo%25253Aid%25253Ds%2525253Ah2%255Eo%25253Aid%25253Ds%2525253Ah3%255Eo%25253Aid%25253Ds%2525253Ah4%255Eo%25253Aid%25253Ds%2525253Ah5%255Eo%25253Aid%25253Ds%2525253Ah6%255Eo%25253Aid%25253Ds%2525253Ah7%25255Ehidden%25253Db%2525253A1%255Eo%25253Aid%25253Ds%2525253Ah8%25255Ehidden%25253Db%2525253A1%255Eo%25253Aid%25253Ds%2525253Ah9%25255Ehidden%25253Db%2525253A1%255Eo%25253Aid%25253Ds%2525253Ah10%25255Ehidden%25253Db%2525253A1%255Eo%25253Aid%25253Ds%2525253Ah11%25255Ehidden%25253Db%2525253A1%255Eo%25253Aid%25253Ds%2525253Ah12%25255Ehidden%25253Db%2525253A1%255Eo%25253Aid%25253Ds%2525253Ah13%25255Ehidden%25253Db%2525253A1%255Eo%25253Aid%25253Ds%2525253Ah14%25255Ehidden%25253Db%2525253A1%255Eo%25253Aid%25253Ds%2525253Ah15%25255Ehidden%25253Db%2525253A0%5EstoreState%3Do%253Asorters%253Da%25253Ao%2525253Aroot%2525253Ds%252525253Adata%2525255Eproperty%2525253Ds%252525253AstartTimeUtc%2525255Edirection%2525253Ds%252525253ADESC%2525255Eid%2525253Ds%252525253AstartTimeUtc"
               }
            ],
            "title": "Active Alerts (selected vCenter and its children) | Reset Interaction in Toolbar to See All Alerts",
            "type": "AlertList"
         },
         {
            "collapsed": false,
            "config": {
               "boxColumns": 4,
               "boxHeight": 12,
               "customFilter": {
                  "excludedResources": null,
                  "filter": [],
                  "includedResources": null
               },
               "depth": 1,
               "labelSize": 14,
               "maxCellCount": 100,
               "metric": {
                  "mode": "resourceKind",
                  "resourceKindMetrics": [{
                     "colorMethod": 0,
                     "handleOldColoring": false,
                     "id": "extModel53030-1",
                     "isStringMetric": false,
                     "label": "Health",
                     "link": "",
                     "metricKey": "badge|health",
                     "metricName": "Badge|Health",
                     "metricUnitId": -1,
                     "orangeBound": 50,
                     "redBound": 25,
                     "resourceKindId": "resourceKind:id:1_::_",
                     "resourceKindName": "vCenter Server",
                     "unit": "Auto",
                     "yellowBound": 75
                  }],
                  "resourceMetrics": [],
                  "subMode": "resourceKindAll"
               },
               "mode": {"layoutMode": "fixedView"},
               "oldMetricValues": false,
               "periodLength": "dashboardTime",
               "refreshContent": {"refreshContent": true},
               "refreshInterval": 300,
               "relationshipMode": {"relationshipMode": 0},
               "resInteractionMode": null,
               "resource": [],
               "roundDecimals": 1,
               "selfProvider": {"selfProvider": true},
               "showDT": {"showDT": false},
               "showMetricName": {"showMetricName": true},
               "showMetricUnit": {"showMetricUnit": true},
               "showResourceName": {"showResourceName": true},
               "showSparkline": {"showSparkline": true},
               "title": "vCenter Health",
               "valueSize": 14,
               "visualTheme": 6
            },
            "gridsterCoords": {
               "h": 4,
               "w": 6,
               "x": 7,
               "y": 1
            },
            "height": 210,
            "id": "cfba8453-3815-4dff-a255-d6e56a82abc5",
            "title": "vCenter Health",
            "type": "Scoreboard"
         }
      ]
   }],
   "entries": {
      "resource": [{
         "adapterKindKey": "VMWARE",
         "identifiers": [],
         "internalId": "resource:id:0_::_",
         "name": "vSphere World",
         "resourceKindKey": "vSphere World"
      }],
      "resourceKind": [
         {
            "adapterKindKey": "VMWARE",
            "internalId": "resourceKind:id:1_::_",
            "resourceKindKey": "VMwareAdapter Instance"
         },
         {
            "adapterKindKey": "VMWARE",
            "internalId": "resourceKind:id:0_::_",
            "resourceKindKey": "vSphere World"
         }
      ]
   },
   "uuid": "365d0a53-16e5-464a-a231-2006af480d22"
}