{
   "dashboards": [{
      "autoswitchEnabled": false,
      "columnCount": 1,
      "columnProportion": "1-1",
      "creationTime": 1663758679906,
      "dashboardNavigations": {
         "03636784-68d5-456d-8689-7adbe9117d24": [],
         "93b45417-6ee5-409c-9755-8f60367370c5": [{
            "id": "795d9c0c-4926-4787-858f-7b9e9a8039ff",
            "widgets": [{
               "id": "640d17c7-bd64-4feb-a044-62f23e6953dc",
               "interactionType": "resourceId"
            }]
         }],
         "bc39d469-83fa-4cb9-ba8f-c6df9b9285cb": [{
            "id": "83e54501-6ffb-475f-8cff-78c3253ada7d",
            "widgets": []
         }]
      },
      "description": "",
      "disabled": false,
      "gridsterMaxColumns": 12,
      "hidden": false,
      "homeTab": true,
      "id": "ebf5c16c-f192-4bb1-939f-2ebd2411c438",
      "importAttempts": 0,
      "importComplete": true,
      "lastUpdateTime": 1683909986409,
      "lastUpdateUserId": "287ed085-c6ca-4255-b69c-956f1665ed51",
      "locked": false,
      "name": "Custom Dashboards/Environment Overview v5",
      "namePath": "Custom Dashboards",
      "rank": 0,
      "shared": false,
      "states": [{
         "key": "permDashboardTime_dashboard_ebf5c16c-f192-4bb1-939f-2ebd2411c438",
         "value": "o%3AdateRange%3Ds%253Alast7Days%5EdateRangeText%3Ds%253A7D"
      }],
      "temporary": false,
      "userId": "287ed085-c6ca-4255-b69c-956f1665ed51",
      "widgetInteractions": [],
      "widgets": [
         {
            "collapsed": false,
            "config": {
               "boxColumns": 6,
               "boxHeight": null,
               "customFilter": {
                  "excludedResources": null,
                  "filter": [],
                  "includedResources": null
               },
               "depth": 1,
               "labelSize": 16,
               "maxCellCount": 100,
               "metric": {
                  "mode": "resourceKind",
                  "resourceKindMetrics": [
                     {
                        "colorMethod": 2,
                        "handleOldColoring": false,
                        "id": "extModel18395-1",
                        "isStringMetric": false,
                        "label": "vCenters",
                        "link": "",
                        "metricKey": "summary|total_number_vcenters",
                        "metricName": "Summary|Total Number of vCenter Server(s)",
                        "metricUnitId": null,
                        "orangeBound": null,
                        "redBound": null,
                        "resourceKindId": "resourceKind:id:0_::_",
                        "resourceKindName": "vSphere World",
                        "unit": "",
                        "yellowBound": null
                     },
                     {
                        "colorMethod": 2,
                        "handleOldColoring": false,
                        "id": "extModel18395-2",
                        "isStringMetric": false,
                        "label": "Datacenters",
                        "link": "",
                        "metricKey": "summary|total_number_datacenters",
                        "metricName": "Summary|Total Number of Datacenters",
                        "metricUnitId": null,
                        "orangeBound": null,
                        "redBound": null,
                        "resourceKindId": "resourceKind:id:0_::_",
                        "resourceKindName": "vSphere World",
                        "unit": "",
                        "yellowBound": null
                     },
                     {
                        "colorMethod": 2,
                        "handleOldColoring": false,
                        "id": "extModel18395-3",
                        "isStringMetric": false,
                        "label": "Clusters",
                        "link": "",
                        "metricKey": "summary|total_number_clusters",
                        "metricName": "Summary|Total Number of Clusters",
                        "metricUnitId": null,
                        "orangeBound": null,
                        "redBound": null,
                        "resourceKindId": "resourceKind:id:0_::_",
                        "resourceKindName": "vSphere World",
                        "unit": "",
                        "yellowBound": null
                     },
                     {
                        "colorMethod": 2,
                        "handleOldColoring": false,
                        "id": "extModel18395-4",
                        "isStringMetric": false,
                        "label": "ESXi Hosts",
                        "link": "",
                        "metricKey": "summary|total_number_hosts",
                        "metricName": "Summary|Total Number of Hosts",
                        "metricUnitId": null,
                        "orangeBound": null,
                        "redBound": null,
                        "resourceKindId": "resourceKind:id:0_::_",
                        "resourceKindName": "vSphere World",
                        "unit": "",
                        "yellowBound": null
                     },
                     {
                        "colorMethod": 2,
                        "handleOldColoring": false,
                        "id": "extModel21923-3",
                        "isStringMetric": false,
                        "label": "Running ESXi Hosts",
                        "link": "",
                        "metricKey": "summary|number_running_hosts",
                        "metricName": "Summary|Number of Running Hosts",
                        "metricUnitId": null,
                        "orangeBound": null,
                        "redBound": null,
                        "resourceKindId": "resourceKind:id:0_::_",
                        "resourceKindName": "vSphere World",
                        "unit": "",
                        "yellowBound": null
                     },
                     {
                        "colorMethod": 2,
                        "handleOldColoring": false,
                        "id": "extModel18395-5",
                        "isStringMetric": false,
                        "label": "VMs",
                        "link": "",
                        "metricKey": "summary|total_number_vms",
                        "metricName": "Summary|Total Number of VMs",
                        "metricUnitId": null,
                        "orangeBound": null,
                        "redBound": null,
                        "resourceKindId": "resourceKind:id:0_::_",
                        "resourceKindName": "vSphere World",
                        "unit": "",
                        "yellowBound": null
                     },
                     {
                        "colorMethod": 2,
                        "handleOldColoring": false,
                        "id": "extModel21923-2",
                        "isStringMetric": false,
                        "label": "Running VMs",
                        "link": "",
                        "metricKey": "summary|number_running_vms",
                        "metricName": "Summary|Number of Running VMs",
                        "metricUnitId": null,
                        "orangeBound": null,
                        "redBound": null,
                        "resourceKindId": "resourceKind:id:0_::_",
                        "resourceKindName": "vSphere World",
                        "unit": "",
                        "yellowBound": null
                     },
                     {
                        "colorMethod": 2,
                        "handleOldColoring": false,
                        "id": "extModel21923-4",
                        "isStringMetric": false,
                        "label": "Powered Off VMs",
                        "link": "",
                        "metricKey": "summary|number_poweredOff_vms",
                        "metricName": "Summary|Number of Powered Off VMs",
                        "metricUnitId": null,
                        "orangeBound": null,
                        "redBound": null,
                        "resourceKindId": "resourceKind:id:0_::_",
                        "resourceKindName": "vSphere World",
                        "unit": "",
                        "yellowBound": null
                     },
                     {
                        "colorMethod": 2,
                        "handleOldColoring": false,
                        "id": "extModel21923-1",
                        "isStringMetric": false,
                        "label": "VM Templates",
                        "link": "",
                        "metricKey": "summary|number_vm_templates",
                        "metricName": "Summary|Number of VM Templates",
                        "metricUnitId": null,
                        "orangeBound": null,
                        "redBound": null,
                        "resourceKindId": "resourceKind:id:0_::_",
                        "resourceKindName": "vSphere World",
                        "unit": "",
                        "yellowBound": null
                     },
                     {
                        "colorMethod": 2,
                        "handleOldColoring": false,
                        "id": "extModel18395-6",
                        "isStringMetric": false,
                        "label": "Datastores",
                        "link": "",
                        "metricKey": "summary|total_number_datastores",
                        "metricName": "Summary|Total Number of Datastores",
                        "metricUnitId": null,
                        "orangeBound": null,
                        "redBound": null,
                        "resourceKindId": "resourceKind:id:0_::_",
                        "resourceKindName": "vSphere World",
                        "unit": "",
                        "yellowBound": null
                     },
                     {
                        "colorMethod": 2,
                        "handleOldColoring": false,
                        "id": "extModel21739-1",
                        "isStringMetric": false,
                        "label": "ESXi Host Cores",
                        "link": "",
                        "metricKey": "cpu|corecount_provisioned",
                        "metricName": "CPU|Number of physical CPUs",
                        "metricUnitId": -1,
                        "orangeBound": null,
                        "redBound": null,
                        "resourceKindId": "resourceKind:id:0_::_",
                        "resourceKindName": "vSphere World",
                        "unit": "Auto",
                        "yellowBound": null
                     },
                     {
                        "colorMethod": 2,
                        "handleOldColoring": false,
                        "id": "extModel21739-2",
                        "isStringMetric": false,
                        "label": "ESXi Host CPUs",
                        "link": "",
                        "metricKey": "cpu|numpackages",
                        "metricName": "CPU|Number of CPU Sockets",
                        "metricUnitId": null,
                        "orangeBound": null,
                        "redBound": null,
                        "resourceKindId": "resourceKind:id:0_::_",
                        "resourceKindName": "vSphere World",
                        "unit": "",
                        "yellowBound": null
                     }
                  ],
                  "resourceMetrics": [],
                  "subMode": "resourceKindAll"
               },
               "mode": {"layoutMode": "fixedView"},
               "oldMetricValues": false,
               "periodLength": "dashboardTime",
               "refreshContent": {"refreshContent": true},
               "refreshInterval": 300,
               "relationshipMode": {"relationshipMode": 0},
               "resInteractionMode": null,
               "resource": [],
               "roundDecimals": null,
               "selfProvider": {"selfProvider": true},
               "showDT": {"showDT": false},
               "showMetricName": {"showMetricName": true},
               "showMetricUnit": {"showMetricUnit": false},
               "showResourceName": {"showResourceName": false},
               "showSparkline": {"showSparkline": true},
               "title": "Inventory",
               "valueSize": 24,
               "visualTheme": 6
            },
            "gridsterCoords": {
               "h": 7,
               "w": 6,
               "x": 1,
               "y": 1
            },
            "height": 381,
            "id": "ed77ee9c-f007-4d7c-b459-a76be024c666",
            "states": [{
               "key": "perm_toolbarVisible_widget_ebf5c16c-f192-4bb1-939f-2ebd2411c438_ed77ee9c-f007-4d7c-b459-a76be024c666",
               "value": "b%3A0"
            }],
            "title": "Inventory",
            "type": "Scoreboard"
         },
         {
            "collapsed": false,
            "config": {
               "chartViewItems": [],
               "isUpdatedView": true,
               "refreshContent": {"refreshContent": true},
               "refreshInterval": 300,
               "resource": {
                  "id": "Ext.vcops.chrome.model.Resource-3",
                  "resourceId": "resource:id:0_::_",
                  "resourceKindId": "002006VMWAREvSphere World",
                  "resourceName": "vSphere World",
                  "traversalSpecId": ""
               },
               "selectFirstRow": {"selectFirstRow": true},
               "selfProvider": {"selfProvider": true},
               "title": "ESXi Hosts",
               "traversalSpecId": null,
               "viewDefinitionId": "a756b4fe-3b17-41b0-9644-e5e301dab729"
            },
            "gridsterCoords": {
               "h": 8,
               "w": 6,
               "x": 1,
               "y": 20
            },
            "height": 438,
            "id": "6d15d72e-e5ee-4f5f-a855-f953044d045d",
            "states": [
               {
                  "key": "perm_isDashboardTime_widget_ebf5c16c-f192-4bb1-939f-2ebd2411c438_6d15d72e-e5ee-4f5f-a855-f953044d045d",
                  "value": "b%3A0"
               },
               {
                  "key": "perm_toolbarVisible_widget_ebf5c16c-f192-4bb1-939f-2ebd2411c438_6d15d72e-e5ee-4f5f-a855-f953044d045d",
                  "value": "b%3A0"
               }
            ],
            "title": "ESXi Hosts",
            "type": "View"
         },
         {
            "collapsed": false,
            "config": {
               "alertAction": [],
               "alertImpact": [],
               "criticalityLevel": [
                  1,
                  2,
                  3,
                  4
               ],
               "customFilter": {
                  "excludedResources": null,
                  "filter": [],
                  "includedResources": null
               },
               "depth": 3,
               "filterMode": "tagPicker",
               "mode": "all",
               "refreshContent": {"refreshContent": true},
               "refreshInterval": 300,
               "relationshipMode": {"relationshipMode": [
                  -1,
                  0
               ]},
               "resource": [],
               "selfProvider": {"selfProvider": true},
               "state": [],
               "status": [0],
               "tagFilter": null,
               "title": "Active Alerts",
               "type": []
            },
            "gridsterCoords": {
               "h": 7,
               "w": 6,
               "x": 7,
               "y": 1
            },
            "height": 381,
            "id": "833cbff5-5c1d-4222-a310-01124f08483f",
            "states": [
               {
                  "key": "permDateFilter_widget_ebf5c16c-f192-4bb1-939f-2ebd2411c438_833cbff5-5c1d-4222-a310-01124f08483f",
                  "value": "s%3A%7B%22dateRange%22%3A%22last30Days%22%2C%22dateFrom%22%3Anull%2C%22dateTo%22%3Anull%2C%22timeFrom%22%3Anull%2C%22timeTo%22%3Anull%7D"
               },
               {
                  "key": "permViewMode_widget_ebf5c16c-f192-4bb1-939f-2ebd2411c438_833cbff5-5c1d-4222-a310-01124f08483f",
                  "value": "s%3Atime"
               },
               {
                  "key": "permAlertGrid_perm_widget_ebf5c16c-f192-4bb1-939f-2ebd2411c438_833cbff5-5c1d-4222-a310-01124f08483f",
                  "value": "o%3Acolumns%3Da%253Ao%25253Aid%25253Ds%2525253Ah1%25255Ehidden%25253Db%2525253A1%25255Ewidth%25253Dn%2525253A100%255Eo%25253Aid%25253Ds%2525253Ah2%25255Ewidth%25253Dn%2525253A135%255Eo%25253Aid%25253Ds%2525253Ah3%25255Ewidth%25253Dn%2525253A417%255Eo%25253Aid%25253Ds%2525253Ah4%25255Ewidth%25253Dn%2525253A144%255Eo%25253Aid%25253Ds%2525253Ah5%25255Ewidth%25253Dn%2525253A145%255Eo%25253Aid%25253Ds%2525253Ah6%25255Ewidth%25253Dn%2525253A113%255Eo%25253Aid%25253Ds%2525253Ah7%25255Ehidden%25253Db%2525253A0%255Eo%25253Aid%25253Ds%2525253Ah8%25255Ehidden%25253Db%2525253A1%255Eo%25253Aid%25253Ds%2525253Ah9%25255Ehidden%25253Db%2525253A1%255Eo%25253Aid%25253Ds%2525253Ah10%25255Ehidden%25253Db%2525253A1%255Eo%25253Aid%25253Ds%2525253Ah11%25255Ehidden%25253Db%2525253A1%255Eo%25253Aid%25253Ds%2525253Ah12%25255Ehidden%25253Db%2525253A1%255Eo%25253Aid%25253Ds%2525253Ah13%25255Ehidden%25253Db%2525253A1%255Eo%25253Aid%25253Ds%2525253Ah14%25255Ehidden%25253Db%2525253A1%255Eo%25253Aid%25253Ds%2525253Ah15%25255Ehidden%25253Db%2525253A0%5EstoreState%3Do%253Asorters%253Da%25253Ao%2525253Aroot%2525253Ds%252525253Adata%2525255Eproperty%2525253Ds%252525253AstartTimeUtc%2525255Edirection%2525253Ds%252525253ADESC%2525255Eid%2525253Ds%252525253AstartTimeUtc"
               },
               {
                  "key": "perm_toolbarVisible_widget_ebf5c16c-f192-4bb1-939f-2ebd2411c438_833cbff5-5c1d-4222-a310-01124f08483f",
                  "value": "b%3A0"
               }
            ],
            "title": "Active Alerts",
            "type": "AlertList"
         },
         {
            "collapsed": false,
            "config": {
               "chartViewItems": [
                  "legend",
                  "title"
               ],
               "isUpdatedView": true,
               "refreshContent": {"refreshContent": true},
               "refreshInterval": 300,
               "resource": {
                  "id": "Ext.vcops.chrome.model.Resource-25",
                  "resourceId": "resource:id:0_::_",
                  "resourceKindId": "002006VMWAREvSphere World",
                  "resourceName": "vSphere World",
                  "traversalSpecId": ""
               },
               "selectFirstRow": {"selectFirstRow": false},
               "selfProvider": {"selfProvider": true},
               "title": "ESXi Hosts - Health",
               "traversalSpecId": null,
               "viewDefinitionId": "dddfa2f3-bd42-43f0-a502-f2139d1d4968"
            },
            "gridsterCoords": {
               "h": 6,
               "w": 2,
               "x": 1,
               "y": 8
            },
            "height": 324,
            "id": "a825b6c5-fd4b-4026-99f3-683ea80a95d0",
            "states": [
               {
                  "key": "perm_toolbarVisible_widget_ebf5c16c-f192-4bb1-939f-2ebd2411c438_a825b6c5-fd4b-4026-99f3-683ea80a95d0",
                  "value": "b%3A1"
               },
               {
                  "key": "perm_isDashboardTime_widget_ebf5c16c-f192-4bb1-939f-2ebd2411c438_a825b6c5-fd4b-4026-99f3-683ea80a95d0",
                  "value": "b%3A0"
               }
            ],
            "title": "ESXi Hosts - Health",
            "type": "View"
         },
         {
            "collapsed": false,
            "config": {
               "chartViewItems": [
                  "legend",
                  "title"
               ],
               "isUpdatedView": true,
               "refreshContent": {"refreshContent": true},
               "refreshInterval": 300,
               "resource": {
                  "id": "Ext.vcops.chrome.model.Resource-26",
                  "resourceId": "resource:id:0_::_",
                  "resourceKindId": "002006VMWAREvSphere World",
                  "resourceName": "vSphere World",
                  "traversalSpecId": ""
               },
               "selectFirstRow": {"selectFirstRow": false},
               "selfProvider": {"selfProvider": true},
               "title": "ESXi Hosts - Maintenance Mode",
               "traversalSpecId": null,
               "viewDefinitionId": "f7e14393-a54f-4148-aeb5-afbe2611e845"
            },
            "gridsterCoords": {
               "h": 6,
               "w": 2,
               "x": 9,
               "y": 8
            },
            "height": 324,
            "id": "d9a0096a-7952-413e-b061-5200a8c82c03",
            "states": [
               {
                  "key": "perm_toolbarVisible_widget_ebf5c16c-f192-4bb1-939f-2ebd2411c438_d9a0096a-7952-413e-b061-5200a8c82c03",
                  "value": "b%3A0"
               },
               {
                  "key": "perm_isDashboardTime_widget_ebf5c16c-f192-4bb1-939f-2ebd2411c438_d9a0096a-7952-413e-b061-5200a8c82c03",
                  "value": "b%3A0"
               }
            ],
            "title": "ESXi Hosts - Maintenance Mode",
            "type": "View"
         },
         {
            "collapsed": false,
            "config": {
               "chartViewItems": [
                  "legend",
                  "title"
               ],
               "isUpdatedView": true,
               "refreshContent": {"refreshContent": true},
               "refreshInterval": 300,
               "resource": {
                  "id": "Ext.vcops.chrome.model.Resource-30",
                  "resourceId": "resource:id:0_::_",
                  "resourceKindId": "002006VMWAREvSphere World",
                  "resourceName": "vSphere World",
                  "traversalSpecId": ""
               },
               "selectFirstRow": {"selectFirstRow": false},
               "selfProvider": {"selfProvider": true},
               "title": "ESXi Hosts - Power State",
               "traversalSpecId": null,
               "viewDefinitionId": "581c3a08-706c-4293-b6c2-7fd64768bc93"
            },
            "gridsterCoords": {
               "h": 6,
               "w": 2,
               "x": 5,
               "y": 8
            },
            "height": 324,
            "id": "6e2dd346-1409-4a8e-8c59-e17d3861c7e1",
            "states": [
               {
                  "key": "perm_toolbarVisible_widget_ebf5c16c-f192-4bb1-939f-2ebd2411c438_6e2dd346-1409-4a8e-8c59-e17d3861c7e1",
                  "value": "b%3A1"
               },
               {
                  "key": "perm_isDashboardTime_widget_ebf5c16c-f192-4bb1-939f-2ebd2411c438_6e2dd346-1409-4a8e-8c59-e17d3861c7e1",
                  "value": "b%3A0"
               }
            ],
            "title": "ESXi Hosts - Power State",
            "type": "View"
         },
         {
            "collapsed": false,
            "config": {
               "chartViewItems": [
                  "legend",
                  "title"
               ],
               "isUpdatedView": true,
               "refreshContent": {"refreshContent": true},
               "refreshInterval": 300,
               "resource": {
                  "id": "Ext.vcops.chrome.model.Resource-3",
                  "resourceId": "resource:id:0_::_",
                  "resourceKindId": "002006VMWAREvSphere World",
                  "resourceName": "vSphere World",
                  "traversalSpecId": ""
               },
               "selectFirstRow": {"selectFirstRow": false},
               "selfProvider": {"selfProvider": true},
               "title": "ESXi Hosts - Version",
               "traversalSpecId": null,
               "viewDefinitionId": "d3352245-69ed-4fb8-b8fc-fa5d0a32e2ac"
            },
            "gridsterCoords": {
               "h": 6,
               "w": 2,
               "x": 7,
               "y": 8
            },
            "height": 324,
            "id": "8a8ef456-3d70-457b-a8d7-9a3cd69e7ee8",
            "states": [
               {
                  "key": "perm_isDashboardTime_widget_ebf5c16c-f192-4bb1-939f-2ebd2411c438_8a8ef456-3d70-457b-a8d7-9a3cd69e7ee8",
                  "value": "b%3A0"
               },
               {
                  "key": "perm_toolbarVisible_widget_ebf5c16c-f192-4bb1-939f-2ebd2411c438_8a8ef456-3d70-457b-a8d7-9a3cd69e7ee8",
                  "value": "b%3A1"
               }
            ],
            "title": "ESXi Hosts - Version",
            "type": "View"
         },
         {
            "collapsed": false,
            "config": {
               "chartViewItems": [
                  "legend",
                  "title"
               ],
               "isUpdatedView": true,
               "refreshContent": {"refreshContent": true},
               "refreshInterval": 300,
               "resource": {
                  "id": "Ext.vcops.chrome.model.Resource-5",
                  "resourceId": "resource:id:0_::_",
                  "resourceKindId": "002006VMWAREvSphere World",
                  "resourceName": "vSphere World",
                  "traversalSpecId": ""
               },
               "selectFirstRow": {"selectFirstRow": false},
               "selfProvider": {"selfProvider": true},
               "title": "ESXi Hosts - Connection State",
               "traversalSpecId": null,
               "viewDefinitionId": "98209b87-2522-47db-b006-b0dd5fe4197c"
            },
            "gridsterCoords": {
               "h": 6,
               "w": 2,
               "x": 3,
               "y": 8
            },
            "height": 324,
            "id": "b74c5991-f9ef-4740-87ca-e3afb425189f",
            "states": [
               {
                  "key": "perm_isDashboardTime_widget_ebf5c16c-f192-4bb1-939f-2ebd2411c438_b74c5991-f9ef-4740-87ca-e3afb425189f",
                  "value": "b%3A0"
               },
               {
                  "key": "perm_toolbarVisible_widget_ebf5c16c-f192-4bb1-939f-2ebd2411c438_b74c5991-f9ef-4740-87ca-e3afb425189f",
                  "value": "b%3A1"
               }
            ],
            "title": "ESXi Hosts - Connection State",
            "type": "View"
         },
         {
            "collapsed": false,
            "config": {
               "chartViewItems": [
                  "legend",
                  "title"
               ],
               "isUpdatedView": true,
               "refreshContent": {"refreshContent": true},
               "refreshInterval": 300,
               "resource": {
                  "id": "Ext.vcops.chrome.model.Resource-7",
                  "resourceId": "resource:id:0_::_",
                  "resourceKindId": "002006VMWAREvSphere World",
                  "resourceName": "vSphere World",
                  "traversalSpecId": ""
               },
               "selectFirstRow": {"selectFirstRow": false},
               "selfProvider": {"selfProvider": true},
               "title": "ESXi Hosts - Hardware Model",
               "traversalSpecId": null,
               "viewDefinitionId": "c2422141-bf17-4969-8ac5-8526af7e01c7"
            },
            "gridsterCoords": {
               "h": 6,
               "w": 2,
               "x": 11,
               "y": 8
            },
            "height": 324,
            "id": "3fa646d6-1406-4f27-89e6-a67b4320c711",
            "states": [
               {
                  "key": "perm_isDashboardTime_widget_ebf5c16c-f192-4bb1-939f-2ebd2411c438_3fa646d6-1406-4f27-89e6-a67b4320c711",
                  "value": "b%3A0"
               },
               {
                  "key": "perm_toolbarVisible_widget_ebf5c16c-f192-4bb1-939f-2ebd2411c438_3fa646d6-1406-4f27-89e6-a67b4320c711",
                  "value": "b%3A0"
               }
            ],
            "title": "ESXi Hosts - Hardware Model",
            "type": "View"
         },
         {
            "collapsed": false,
            "config": {
               "chartViewItems": ["labels"],
               "isUpdatedView": true,
               "refreshContent": {"refreshContent": true},
               "refreshInterval": 300,
               "resource": {
                  "id": "Ext.vcops.chrome.model.Resource-31",
                  "resourceId": "resource:id:0_::_",
                  "resourceKindId": "002006VMWAREvSphere World",
                  "resourceName": "vSphere World",
                  "traversalSpecId": ""
               },
               "selectFirstRow": {"selectFirstRow": false},
               "selfProvider": {"selfProvider": true},
               "title": "VM OS Distribution",
               "traversalSpecId": null,
               "viewDefinitionId": "add79651-6238-4507-a690-8db168ecf514"
            },
            "gridsterCoords": {
               "h": 6,
               "w": 6,
               "x": 7,
               "y": 14
            },
            "height": 324,
            "id": "e4b16934-28e1-4299-94b8-6875c2c109de",
            "states": [
               {
                  "key": "perm_isDashboardTime_widget_ebf5c16c-f192-4bb1-939f-2ebd2411c438_e4b16934-28e1-4299-94b8-6875c2c109de",
                  "value": "b%3A0"
               },
               {
                  "key": "perm_toolbarVisible_widget_ebf5c16c-f192-4bb1-939f-2ebd2411c438_e4b16934-28e1-4299-94b8-6875c2c109de",
                  "value": "b%3A0"
               }
            ],
            "title": "VM OS Distribution",
            "type": "View"
         },
         {
            "collapsed": false,
            "config": {
               "chartViewItems": ["labels"],
               "isUpdatedView": true,
               "refreshContent": {"refreshContent": true},
               "refreshInterval": 300,
               "resource": {
                  "id": "Ext.vcops.chrome.model.Resource-32",
                  "resourceId": "resource:id:0_::_",
                  "resourceKindId": "002006VMWAREvSphere World",
                  "resourceName": "vSphere World",
                  "traversalSpecId": ""
               },
               "selectFirstRow": {"selectFirstRow": false},
               "selfProvider": {"selfProvider": true},
               "title": "VM VMTools Distribution",
               "traversalSpecId": null,
               "viewDefinitionId": "49cf394e-1a87-4722-904b-0d787aff5204"
            },
            "gridsterCoords": {
               "h": 6,
               "w": 6,
               "x": 1,
               "y": 14
            },
            "height": 324,
            "id": "630243dd-a8df-4949-a4ff-b9890c9788ec",
            "states": [
               {
                  "key": "perm_toolbarVisible_widget_ebf5c16c-f192-4bb1-939f-2ebd2411c438_630243dd-a8df-4949-a4ff-b9890c9788ec",
                  "value": "b%3A0"
               },
               {
                  "key": "perm_isDashboardTime_widget_ebf5c16c-f192-4bb1-939f-2ebd2411c438_630243dd-a8df-4949-a4ff-b9890c9788ec",
                  "value": "b%3A0"
               }
            ],
            "title": "VM VMTools Distribution",
            "type": "View"
         },
         {
            "collapsed": false,
            "config": {
               "chartViewItems": [],
               "isUpdatedView": true,
               "refreshContent": {"refreshContent": true},
               "refreshInterval": 300,
               "resource": {
                  "id": "Ext.vcops.chrome.model.Resource-4",
                  "resourceId": "resource:id:0_::_",
                  "resourceKindId": "002006VMWAREvSphere World",
                  "resourceName": "vSphere World",
                  "traversalSpecId": ""
               },
               "selectFirstRow": {"selectFirstRow": true},
               "selfProvider": {"selfProvider": true},
               "title": "VMs",
               "traversalSpecId": null,
               "viewDefinitionId": "bbac4295-7ae5-4b74-a27f-fe1be687fe33"
            },
            "gridsterCoords": {
               "h": 8,
               "w": 6,
               "x": 7,
               "y": 20
            },
            "height": 438,
            "id": "7fd15fa1-5010-4140-8d37-aa6ccb65550b",
            "states": [
               {
                  "key": "perm_isDashboardTime_widget_ebf5c16c-f192-4bb1-939f-2ebd2411c438_7fd15fa1-5010-4140-8d37-aa6ccb65550b",
                  "value": "b%3A0"
               },
               {
                  "key": "perm_toolbarVisible_widget_ebf5c16c-f192-4bb1-939f-2ebd2411c438_7fd15fa1-5010-4140-8d37-aa6ccb65550b",
                  "value": "b%3A0"
               }
            ],
            "title": "VMs",
            "type": "View"
         }
      ]
   }],
   "entries": {
      "resource": [{
         "adapterKindKey": "VMWARE",
         "identifiers": [],
         "internalId": "resource:id:0_::_",
         "name": "vSphere World",
         "resourceKindKey": "vSphere World"
      }],
      "resourceKind": [{
         "adapterKindKey": "VMWARE",
         "internalId": "resourceKind:id:0_::_",
         "resourceKindKey": "vSphere World"
      }]
   },
   "uuid": "36d590da-a08f-4ab3-95e9-225f43bf4026"
}